<?xml version="1.0" encoding="UTF-8"?>
<project xmlns="http://www.netbeans.org/ns/project/1">
    <type>org.netbeans.modules.apisupport.project</type>
    <configuration>
        <data xmlns="http://www.netbeans.org/ns/nb-module-project/3">
            <code-name-base>org.h2</code-name-base>
            <suite-component/>
            <module-dependencies/>
            <public-packages>
                <package>org.h2</package>
                <package>org.h2.api</package>
                <package>org.h2.bnf</package>
                <package>org.h2.command</package>
                <package>org.h2.command.ddl</package>
                <package>org.h2.command.dml</package>
                <package>org.h2.compress</package>
                <package>org.h2.constraint</package>
                <package>org.h2.engine</package>
                <package>org.h2.expression</package>
                <package>org.h2.index</package>
                <package>org.h2.jdbc</package>
                <package>org.h2.jdbcx</package>
                <package>org.h2.message</package>
                <package>org.h2.result</package>
                <package>org.h2.samples</package>
                <package>org.h2.security</package>
                <package>org.h2.server</package>
                <package>org.h2.store</package>
                <package>org.h2.table</package>
                <package>org.h2.tools</package>
                <package>org.h2.tools.code</package>
                <package>org.h2.tools.doc</package>
                <package>org.h2.tools.doclet</package>
                <package>org.h2.tools.indexer</package>
                <package>org.h2.util</package>
                <package>org.h2.value</package>
                <package>org.h2.web</package>
                <package>snoozesoft.systray4j</package>
            </public-packages>
            <class-path-extension>
                <runtime-relative-path>ext/h2.jar</runtime-relative-path>
                <binary-origin>release/modules/ext/h2.jar</binary-origin>
            </class-path-extension>
        </data>
    </configuration>
</project>
