<?xml version="1.0" encoding="UTF-8"?>
<project xmlns="http://www.netbeans.org/ns/project/1">
    <type>org.netbeans.modules.apisupport.project</type>
    <configuration>
        <data xmlns="http://www.netbeans.org/ns/nb-module-project/3">
            <code-name-base>org.aiotrade.neuralnetwork</code-name-base>
            <suite-component/>
            <module-dependencies>
                <dependency>
                    <code-name-base>org.aiotrade.math</code-name-base>
                    <build-prerequisite/>
                    <compile-dependency/>
                    <run-dependency>
                        <specification-version>1.0</specification-version>
                    </run-dependency>
                </dependency>
                <dependency>
                    <code-name-base>org.aiotrade.util</code-name-base>
                    <build-prerequisite/>
                    <compile-dependency/>
                    <run-dependency>
                        <specification-version>1.0</specification-version>
                    </run-dependency>
                </dependency>
            </module-dependencies>
            <public-packages>
                <package>org.aiotrade.neuralnetwork</package>
                <package>org.aiotrade.neuralnetwork.core</package>
                <package>org.aiotrade.neuralnetwork.core.descriptor</package>
                <package>org.aiotrade.neuralnetwork.core.model</package>
                <package>org.aiotrade.neuralnetwork.datasource</package>
                <package>org.aiotrade.neuralnetwork.machine.mlp</package>
                <package>org.aiotrade.neuralnetwork.machine.mlp.learner</package>
                <package>org.aiotrade.neuralnetwork.machine.mlp.neuron</package>
                <package>org.aiotrade.neuralnetwork.math</package>
                <package>org.aiotrade.neuralnetwork.util</package>
            </public-packages>
        </data>
    </configuration>
</project>
