<?xml version="1.0" encoding="UTF-8"?>
<project xmlns="http://www.netbeans.org/ns/project/1">
    <type>org.netbeans.modules.apisupport.project</type>
    <configuration>
        <data xmlns="http://www.netbeans.org/ns/nb-module-project/2">
            <code-name-base>org.apache.derby</code-name-base>
            <standalone/>
            <module-dependencies/>
            <public-packages>
                <package>org.apache.derby.diag</package>
                <package>org.apache.derby.iapi.sql.conn</package>
                <package>org.apache.derby.impl.sql</package>
                <package>org.apache.derby.iapi.sql.dictionary</package>
                <package>org.apache.derby.iapi.services.property</package>
                <package>org.apache.derby.iapi.services.cache</package>
                <package>org.apache.derby.iapi.services.i18n</package>
                <package>org.apache.derby.iapi.services.compiler</package>
                <package>org.apache.derby.impl.sql.compile</package>
                <package>org.apache.derby.impl.store.access.sort</package>
                <package>org.apache.derby.impl.sql.execute</package>
                <package>org.apache.derby.impl.services.daemon</package>
                <package>org.apache.derby.iapi.store.access.xa</package>
                <package>org.apache.derby.iapi.store.access</package>
                <package>org.apache.derby.impl.services.cache</package>
                <package>org.apache.derby.impl.sql.depend</package>
                <package>org.apache.derby.iapi.store.access.conglomerate</package>
                <package>org.apache.derby.iapi.services.io</package>
                <package>org.apache.derby.iapi.tools.i18n</package>
                <package>org.apache.derby.iapi.services.locks</package>
                <package>org.apache.derby.iapi.sql.execute</package>
                <package>org.apache.derby.impl.db</package>
                <package>org.apache.derby.impl.store.access.btree.index</package>
                <package>org.apache.derby.iapi.services.loader</package>
                <package>org.apache.derby.iapi.error</package>
                <package>org.apache.derby.impl.sql.execute.rts</package>
                <package>org.apache.derby.impl.services.locks</package>
                <package>org.apache.derby.impl.store.access.btree</package>
                <package>org.apache.derby.impl.store.raw.xact</package>
                <package>org.apache.derby.iapi.store.raw.data</package>
                <package>org.apache.derby.impl.services.reflect</package>
                <package>org.apache.derby.catalog.types</package>
                <package>org.apache.derby.iapi.services.context</package>
                <package>org.apache.derby.impl.store.access</package>
                <package>org.apache.derby.osgi</package>
                <package>org.apache.derby.iapi.services.daemon</package>
                <package>org.apache.derby.tools</package>
                <package>org.apache.derby.iapi.store.raw</package>
                <package>org.apache.derby.impl.load</package>
                <package>org.apache.derby.vti</package>
                <package>org.apache.derby.impl.store.raw</package>
                <package>org.apache.derby.iapi.services.uuid</package>
                <package>org.apache.derby.iapi.store.raw.xact</package>
                <package>org.apache.derby.iapi.db</package>
                <package>org.apache.derby.impl.sql.conn</package>
                <package>org.apache.derby.impl.services.uuid</package>
                <package>org.apache.derby.iapi.sql</package>
                <package>org.apache.derby.iapi.services.monitor</package>
                <package>org.apache.derby.impl.jdbc.authentication</package>
                <package>org.apache.derby.iapi.store.raw.log</package>
                <package>org.apache.derby.impl.io</package>
                <package>org.apache.derby.impl.services.monitor</package>
                <package>org.apache.derby.impl.store.raw.log</package>
                <package>org.apache.derby.impl.store.raw.data</package>
                <package>org.apache.derby.impl.sql.catalog</package>
                <package>org.apache.derby.iapi.types</package>
                <package>org.apache.derby.impl.tools.sysinfo</package>
                <package>org.apache.derby.impl.services.bytecode</package>
                <package>org.apache.derby.authentication</package>
                <package>org.apache.derby.iapi.sql.compile</package>
                <package>org.apache.derby.iapi.services.crypto</package>
                <package>org.apache.derby.io</package>
                <package>org.apache.derby.iapi.services.info</package>
                <package>org.apache.derby.impl.services.jce</package>
                <package>org.apache.derby.impl.services.stream</package>
                <package>org.apache.derby.catalog</package>
                <package>org.apache.derby.impl.store.access.conglomerate</package>
                <package>org.apache.derby.impl.jdbc</package>
                <package>org.apache.derby.iapi.jdbc</package>
                <package>org.apache.derby.iapi.sql.depend</package>
                <package>org.apache.derby.iapi.services.classfile</package>
                <package>org.apache.derby.iapi.util</package>
                <package>org.apache.derby.jdbc</package>
                <package>org.apache.derby.iapi.services.stream</package>
                <package>org.apache.derby.impl.store.access.heap</package>
                <package>org.apache.derby.database</package>
            </public-packages>
            <class-path-extension>
                <runtime-relative-path>ext/derby.jar</runtime-relative-path>
                <binary-origin>release/modules/ext/derby.jar</binary-origin>
            </class-path-extension>
        </data>
    </configuration>
</project>
