<?xml version="1.0"?>
<!--
                Sun Public License Notice

The contents of this file are subject to the Sun Public License
Version 1.0 (the "License"). You may not use this file except in
compliance with the License. A copy of the License is available at
http://www.sun.com/

The Original Code is NetBeans. The Initial Developer of the Original
Code is Sun Microsystems, Inc. Portions Copyright 1997-2000 Sun
Microsystems, Inc. All Rights Reserved.
-->

<!DOCTYPE Configuration PUBLIC "-//NetBeans IDE//DTD toolbar//EN" "http://www.netbeans.org/dtds/toolbar.dtd">

<Configuration>
    <Row>
        <Toolbar name="View" />
        <Toolbar name="Control" />
        <Toolbar name="Indicator" />
        <Toolbar name="Draw" />
        <Toolbar name="Memory" />
    </Row>
  
    <Row>
        <Toolbar name="File" position="2" />
        <Toolbar name="Edit" position="2" />
        <Toolbar name="Build" position="2" />
        <Toolbar name="Debug" position="2" />
        <Toolbar name="Versioning" position="2" visible="false" />
    </Row>
  
</Configuration>
